{
  "teacher": "Qwen/Qwen3.5-35B-A3B",
  "max_new_tokens": 512,
  "max_prompt_len": 1024,
  "block_seed": null,
  "n_prompts": 118,
  "n_prompts_filtered": 2,
  "min_completion_tokens": 64,
  "students": {
    "aidonuts/punctured_vesicle_s1000_a063-v2": {
      "status": "scored",
      "kl_global_avg": 0.096977,
      "kl_per_prompt": [
        0.02747,
        0.142855,
        0.0458,
        0.079509,
        0.217264,
        0.029757,
        0.176792,
        0.021477,
        0.047443,
        0.084142,
        0.107043,
        0.122394,
        0.057551,
        0.147395,
        0.320553,
        0.016201,
        0.068343,
        0.082216,
        0.213297,
        0.022525,
        0.015731,
        0.040471,
        0.107105,
        0.054302,
        0.280434,
        0.066463,
        0.116426,
        0.028541,
        0.012644,
        0.161222,
        0.02146,
        0.013631,
        0.090738,
        0.012385,
        0.034314,
        0.053722,
        0.019206,
        0.228933,
        0.059405,
        0.043524,
        0.168634,
        0.057604,
        0.016117,
        0.041976,
        0.024653,
        0.077191,
        0.130509,
        0.066448,
        0.164182,
        0.065409,
        0.04991,
        0.122532,
        0.147901,
        0.019684,
        0.01787,
        0.029382,
        0.118144,
        0.028813,
        0.084893,
        0.027766,
        0.128863,
        0.120318,
        0.210458,
        0.038066,
        0.178345,
        0.046736,
        0.14251,
        0.018046,
        0.16312,
        0.028244,
        0.076219,
        0.126493,
        0.068177,
        0.027812,
        0.158558,
        0.106822,
        0.025839,
        0.277433,
        0.050017,
        0.042539,
        0.008897,
        0.184144,
        0.085257,
        0.014061,
        0.06681,
        0.162621,
        0.111231,
        0.070547,
        0.112548,
        0.285164,
        0.281478,
        0.523855,
        0.167337,
        0.025304,
        0.058972,
        0.033261,
        0.182377,
        0.022899,
        0.136898,
        0.150314,
        0.011193,
        0.162504,
        0.031574,
        0.176346,
        0.069132,
        0.156777,
        0.023644,
        0.072355,
        0.038186,
        0.283459,
        0.18995,
        0.029835,
        0.09733,
        0.019131,
        0.028293,
        0.173245,
        0.047426,
        0.163986
      ],
      "prompts_scored": 118,
      "scoring_time": 39.7,
      "load_time": 10.2,
      "early_stopped": false
    },
    "grobb-takes-all/research-qwen-4b-v1": {
      "status": "scored",
      "kl_global_avg": 0.09845,
      "kl_per_prompt": [
        0.028862,
        0.152569,
        0.047153,
        0.078677,
        0.20725,
        0.032279,
        0.18651,
        0.022114,
        0.049416,
        0.084152,
        0.115111,
        0.117758,
        0.063321,
        0.153697,
        0.333654,
        0.017802,
        0.067358,
        0.08403,
        0.213436,
        0.024059,
        0.015548,
        0.041368,
        0.113033,
        0.054487,
        0.28995,
        0.070697,
        0.116796,
        0.028202,
        0.010996,
        0.169193,
        0.020901,
        0.013634,
        0.094824,
        0.012837,
        0.035131,
        0.052885,
        0.017652,
        0.243927,
        0.060377,
        0.045096,
        0.168117,
        0.059026,
        0.015813,
        0.043521,
        0.024538,
        0.078615,
        0.132442,
        0.068402,
        0.159803,
        0.06466,
        0.04945,
        0.124504,
        0.157245,
        0.021027,
        0.017532,
        0.029692,
        0.119331,
        0.026167,
        0.084298,
        0.027593,
        0.130454,
        0.122241,
        0.214529,
        0.038122,
        0.187399,
        0.047271,
        0.150517,
        0.016045,
        0.172085,
        0.026699,
        0.077001,
        0.12662,
        0.06814,
        0.027033,
        0.164277,
        0.10892,
        0.02685,
        0.287152,
        0.050686,
        0.043066,
        0.008596,
        0.190218,
        0.087621,
        0.014572,
        0.066695,
        0.168383,
        0.108404,
        0.068821,
        0.111101,
        0.289347,
        0.266938,
        0.525946,
        0.172681,
        0.027555,
        0.058003,
        0.033426,
        0.190747,
        0.022151,
        0.137979,
        0.150264,
        0.01162,
        0.167568,
        0.032551,
        0.172674,
        0.069494,
        0.16328,
        0.024714,
        0.074017,
        0.037457,
        0.265419,
        0.195461,
        0.028556,
        0.100169,
        0.01858,
        0.029206,
        0.181072,
        0.047782,
        0.154447
      ],
      "prompts_scored": 118,
      "scoring_time": 33.3,
      "load_time": 24.8,
      "early_stopped": false
    },
    "dasLOL/distilled-qwen35-4b-base": {
      "status": "scored",
      "kl_global_avg": 0.114794,
      "kl_per_prompt": [
        0.030265,
        0.170372,
        0.051856,
        0.090752,
        0.224742,
        0.032296,
        0.205439,
        0.023985,
        0.058703,
        0.09004,
        0.127785,
        0.129387,
        0.072046,
        0.162773,
        0.341691,
        0.019926,
        0.077962,
        0.097653,
        0.21883,
        0.027966,
        0.029045,
        0.049741,
        0.115089,
        0.063505,
        0.321409,
        0.083087,
        0.133007,
        0.028727,
        0.014429,
        0.178492,
        0.032106,
        0.014992,
        0.097192,
        0.014093,
        0.034914,
        0.063684,
        0.021741,
        0.278312,
        0.077229,
        0.048549,
        0.20788,
        0.063486,
        0.020354,
        0.046142,
        0.02778,
        0.086911,
        0.142065,
        0.071714,
        0.398907,
        0.069372,
        0.059845,
        0.139413,
        0.174757,
        0.023993,
        0.020984,
        0.036527,
        0.132077,
        0.031009,
        0.091931,
        0.0306,
        0.141239,
        0.134429,
        0.228108,
        0.045433,
        0.222523,
        0.057545,
        0.161442,
        0.021041,
        0.20489,
        0.036556,
        0.088894,
        0.136116,
        0.077673,
        0.030026,
        0.191077,
        0.113486,
        0.029768,
        0.313685,
        0.053299,
        0.047207,
        0.010218,
        0.200564,
        0.100299,
        0.018973,
        0.077078,
        0.18368,
        0.134793,
        0.068705,
        0.124189,
        0.292906,
        0.529484,
        0.533579,
        0.19779,
        0.027395,
        0.073479,
        0.040642,
        0.199551,
        0.034529,
        0.16524,
        0.195334,
        0.015701,
        0.180845,
        0.037685,
        0.185175,
        0.078617,
        0.174595,
        0.027477,
        0.081347,
        0.043758,
        0.310727,
        0.256572,
        0.029912,
        0.115043,
        0.021488,
        0.03723,
        0.209662,
        0.050465,
        0.316941
      ],
      "prompts_scored": 118,
      "scoring_time": 44.0,
      "load_time": 122.9,
      "early_stopped": false
    },
    "RLStepone/distil-3": {
      "status": "early_stopped",
      "kl_global_avg": 15.730362,
      "kl_per_prompt": [
        15.872375,
        15.460022,
        17.533848,
        14.158619,
        16.199409,
        15.341644,
        15.546614
      ],
      "prompts_scored": 7,
      "scoring_time": 0.6,
      "load_time": 12.2,
      "early_stopped": true
    },
    "QuiteLLM/sn97-test-ver5": {
      "status": "scored",
      "kl_global_avg": 0.100747,