{
  "teacher": "Qwen/Qwen3.5-35B-A3B",
  "max_new_tokens": 512,
  "max_prompt_len": 1024,
  "block_seed": null,
  "n_prompts": 59,
  "n_prompts_filtered": 1,
  "min_completion_tokens": 64,
  "students": {
    "QuiteLLM/sn97-test-ver10": {
      "status": "scored",
      "kl_global_avg": 0.082825,
      "kl_per_prompt": [
        0.157096,
        0.135712,
        0.116954,
        0.017647,
        0.17449,
        0.00669,
        0.250707,
        0.049802,
        0.058385,
        0.065442,
        0.042979,
        0.134262,
        0.115249,
        0.027074,
        0.05337,
        0.103861,
        0.198936,
        0.032023,
        0.027926,
        0.175788,
        0.087798,
        0.013232,
        0.03852,
        0.08093,
        0.159347,
        0.047379,
        0.013203,
        0.01959,
        0.058222,
        0.10901,
        0.224403,
        0.113685,
        0.020717,
        0.047992,
        0.017681,
        0.031368,
        0.029172,
        0.077547,
        0.151451,
        0.221173,
        0.127038,
        0.106724,
        0.0255,
        0.179983,
        0.042154,
        0.019675,
        0.047348,
        0.249756,
        0.150486,
        0.010175,
        0.107854,
        0.045567,
        0.039603,
        0.016882,
        0.025455,
        0.073258,
        0.059377,
        0.03368,
        0.019357
      ],
      "prompts_scored": 59,
      "scoring_time": 13.8,
      "load_time": 158.9,
      "early_stopped": false,
      "shadow_topk": {
        "kl_top100": 0.077804,
        "kl_top1000": 0.081433
      }
    },
    "metaborgg/research-qwen-4b-v2": {
      "status": "scored",
      "kl_global_avg": 0.083672,
      "kl_per_prompt": [
        0.162453,
        0.136676,
        0.117328,
        0.017858,
        0.173095,
        0.007198,
        0.245065,
        0.049787,
        0.059405,
        0.069584,
        0.044238,
        0.137489,
        0.11517,
        0.027469,
        0.054067,
        0.104373,
        0.199468,
        0.033199,
        0.030427,
        0.175177,
        0.091351,
        0.013326,
        0.037384,
        0.079672,
        0.159087,
        0.047141,
        0.025309,
        0.019464,
        0.057417,
        0.114657,
        0.219297,
        0.112653,
        0.022271,
        0.049842,
        0.016502,
        0.031491,
        0.029534,
        0.077096,
        0.151728,
        0.221696,
        0.126597,
        0.119357,
        0.025961,
        0.177988,
        0.04417,
        0.019841,
        0.048117,
        0.243681,
        0.148725,
        0.010693,
        0.108539,
        0.047533,
        0.045068,
        0.017585,
        0.023757,
        0.079139,
        0.058484,
        0.034294,
        0.020687
      ],
      "prompts_scored": 59,
      "scoring_time": 20.2,
      "load_time": 1.8,
      "early_stopped": false,
      "shadow_topk": {
        "kl_top100": 0.078651,
        "kl_top1000": 0.08228
      }
    },
    "aidonuts/screaming-porcupine-s4000-a025-v9": {
      "status": "scored",
      "kl_global_avg": 0.083691,
      "kl_per_prompt": [
        0.163398,
        0.136657,
        0.117508,
        0.018129,
        0.172941,
        0.007199,
        0.246315,
        0.049717,
        0.059763,
        0.06974,
        0.044002,
        0.137994,
        0.116403,
        0.027362,
        0.053755,
        0.10465,
        0.198407,
        0.033427,
        0.03039,
        0.174583,
        0.091174,
        0.013151,
        0.03775,
        0.079751,
        0.159255,
        0.047115,
        0.025227,
        0.019206,
        0.057411,
        0.116218,
        0.219832,
        0.112073,
        0.022348,
        0.050192,
        0.016529,
        0.03118,
        0.029625,
        0.077987,
        0.15186,
        0.221458,
        0.126394,
        0.120311,
        0.025642,
        0.177785,
        0.043966,
        0.01947,
        0.047859,
        0.244173,
        0.148431,
        0.010406,
        0.107583,
        0.047358,
        0.04419,
        0.017494,
        0.023888,
        0.078282,
        0.058209,
        0.034313,
        0.020339
      ],
      "prompts_scored": 59,
      "scoring_time": 16.7,
      "load_time": 46.2,
      "early_stopped": false,
      "shadow_topk": {
        "kl_top100": 0.078685,
        "kl_top1000": 0.082312
      }
    },
    "QuiteLLM/sn97-test-ver9": {
      "status": "scored",
      "kl_global_avg": 0.083672,
      "kl_per_prompt": [
        0.160768,
        0.136758,
        0.118119,
        0.018182,
        0.175999,
        0.007003,
        0.249645,
        0.049379,
        0.059086,
        0.068319,
        0.044023,
        0.137826,
        0.115665,
        0.027676,
        0.053931,
        0.10383,
        0.200847,
        0.033139,
        0.029184,
        0.177176,
        0.089149,
        0.013091,
        0.038226,
        0.080695,
        0.161191,
        0.047183,
        0.020102,
        0.019783,
        0.057602,
        0.113457,
        0.223047,
        0.113563,
        0.021206,
        0.048581,
        0.016394,
        0.029398,
        0.030085,
        0.078421,
        0.153987,
        0.221283,
        0.126847,
        0.113655,
        0.026117,
        0.178028,
        0.044032,
        0.019516,
        0.04827,
        0.245086,
        0.15218,
        0.010501,
        0.108486,
        0.047749,
        0.042168,
        0.01726,
        0.024948,
        0.076232,
        0.058753,
        0.033399,
        0.020396
      ],
      "prompts_scored": 59,
      "scoring_time": 19.3,
      "load_time": 56.2,
      "early_stopped": false,
      "shadow_topk": {
        "kl_top100": 0.078621,
        "kl_top1000": 0.082271
      }
    },
    "rlinprogress/sn97-distilled-V23": {
      "status": "scored",
      "kl_global_avg": 0.08365,
      "kl_per_prompt": [
        0.163085,
        0.136912,
        0.117445,
        0.018103,
        0.172743,
        0.007213,
        0.245487,
        0.05008,
        0.059805,
        0.06943,
        0.043756,
        0.137289,
        0.115822,
        0.027496,
        0.054033,
        0.104365,
        0.19978,
        0.033314,
        0.030107,
        0.175509,
        0.091193,
        0.013323,
        0.037686,
        0.079824,
        0.159615,
        0.046751,
        0.025317,
        0.019301,
        0.057523,
        0.116071,
        0.218793,
        0.112555,
        0.022335,
        0.049931,
        0.016516,
        0.031063,
        0.029632,
        0.077588,
        0.152067,
        0.221123,
        0.125691,
        0.12014,
        0.025564,
        0.176767,
        0.043942,
        0.01945,
        0.048192,
        0.244056,
        0.148783,
        0.010478,
        0.107911,
        0.047157,
        0.044257,
        0.017491,
        0.023979,
        0.07837,
        0.058323,
        0.034495,
        0.020312
      ],
      "prompts_scored": 59,
      "scoring_time": 15.6,
      "load_time": 50.5,
      "early_stopped": false,
      "shadow_topk": {
        "kl_top100": 0.078647,
        "kl_top1000": 0.082271
      }
    },
    "RLStepone/distil-4": {
      "status": "scored",
      "kl_global_avg": 0.084035,